{
  "model_info": {
    "algorithm": "Random Forest",
    "accuracy": 0.9291111111111111,
    "data_shape": [
      45000,
      14
    ],
    "features_count": 13
  },
  "predictions": {
    "predicted_values": [
      0.0,
      0.0,
      1.0,
      0.0,
      1.0,
      0.0,
      0.0,
      1.0,
      0.0,
      0.0
    ],
    "actual_values": [
      0.0,
      0.0,
      1.0,
      0.0,
      1.0,
      0.0,
      0.0,
      1.0,
      1.0,
      0.0
    ],
    "total_predictions": 9000
  },
  "evaluation": {
    "accuracy_score": 0.9291111111111111,
    "model_type": "classification",
    "classification_report": {
      "0.0": {
        "precision": 0.9386740331491713,
        "recall": 0.9722460658082975,
        "f1-score": 0.9551651440618412,
        "support": 6990.0
      },
      "1.0": {
        "precision": 0.8897727272727273,
        "recall": 0.7791044776119403,
        "f1-score": 0.8307692307692308,
        "support": 2010.0
      },
      "accuracy": 0.9291111111111111,
      "macro avg": {
        "precision": 0.9142233802109493,
        "recall": 0.8756752717101189,
        "f1-score": 0.892967187415536,
        "support": 9000.0
      },
      "weighted avg": {
        "precision": 0.927752741503432,
        "recall": 0.9291111111111111,
        "f1-score": 0.9273833900931582,
        "support": 9000.0
      }
    },
    "confusion_matrix": [
      [
        6796,
        194
      ],
      [
        444,
        1566
      ]
    ]
  }
}